<PAMDataset>
  <PAMRasterBand band="1">
    <Histograms>
      <HistItem>
        <HistMin>11</HistMin>
        <HistMax>95</HistMax>
        <BucketCount>256</BucketCount>
        <IncludeOutOfRange>1</IncludeOutOfRange>
        <Approximate>0</Approximate>
        <HistCounts>0|0|0|0|0|0|0|0|0|0|0|2985|0|0|0|0|0|0|0|0|0|61723|43442|19459|6282|0|0|0|0|0|0|1256|0|0|0|0|0|0|0|0|0|84163|27468|39437|0|0|0|0|0|0|0|0|2147|0|0|0|0|0|0|0|0|0|0|0|0|0|0|0|0|0|0|5515|0|0|0|0|0|0|0|0|0|43586|730|0|0|0|0|0|0|0|10269|0|0|0|0|573|0|0|0|0|0|0|0|0|0|0|0|0|0|0|0|0|0|0|0|0|0|0|0|0|0|0|0|0|0|0|0|0|0|0|0|0|0|0|0|0|0|0|0|0|0|0|0|0|0|0|0|0|0|0|0|0|0|0|0|0|0|0|0|0|0|0|0|0|0|0|0|0|0|0|0|0|0|0|0|0|0|0|0|0|0|0|0|0|0|0|0|0|0|0|0|0|0|0|0|0|0|0|0|0|0|0|0|0|0|0|0|0|0|0|0|0|0|0|0|0|0|0|0|0|0|0|0|0|0|0|0|0|0|0|0|0|0|0|0|0|0|0|0|0|0|0|0|0|0|0|0|0|0|0|0|0|0|0|0|0</HistCounts>
      </HistItem>
      <HistItem>
        <HistMin>10.50588235294118</HistMin>
        <HistMax>95.49411764705883</HistMax>
        <BucketCount>85</BucketCount>
        <IncludeOutOfRange>0</IncludeOutOfRange>
        <Approximate>0</Approximate>
        <HistCounts>2985|0|0|0|0|0|0|0|0|0|61723|43442|19459|6282|0|0|0|0|0|0|1256|0|0|0|0|0|0|0|0|0|84163|27468|39437|0|0|0|0|0|0|0|0|2147|0|0|0|0|0|0|0|0|0|0|0|0|0|0|0|0|0|0|5515|0|0|0|0|0|0|0|0|0|43586|730|0|0|0|0|0|0|0|10269|0|0|0|0|573</HistCounts>
      </HistItem>
    </Histograms>
    <Metadata>
      <MDI key="STATISTICS_MAXIMUM">95</MDI>
      <MDI key="STATISTICS_MEAN">40.95380978985</MDI>
      <MDI key="STATISTICS_MINIMUM">11</MDI>
      <MDI key="STATISTICS_SKIPFACTORX">1</MDI>
      <MDI key="STATISTICS_SKIPFACTORY">1</MDI>
      <MDI key="STATISTICS_STDDEV">21.005379200055</MDI>
      <MDI key="STATISTICS_VALID_PERCENT">55.35</MDI>
    </Metadata>
  </PAMRasterBand>
</PAMDataset>
