<?xml version="1.0" encoding="UTF-8"?>
<metadata xml:lang="en"><Esri><CreaDate>20200125</CreaDate><CreaTime>20141600</CreaTime><ArcGISFormat>1.0</ArcGISFormat><SyncOnce>TRUE</SyncOnce><DataProperties><lineage><Process ToolSource="c:\program files (x86)\arcgis\desktop10.6\ArcToolbox\Toolboxes\Spatial Analyst Tools.tbx\ExtractByMask" Date="20200125" Time="201416">ExtractByMask NLCD_2016_Land_Cover_L48_20190424.img "D:\ICC workshop\AC_proj.shp" "D:\ICC workshop\nlcd2016.tif"</Process></lineage></DataProperties></Esri></metadata>
